source,target,relation_type,post_id,timestamp
user_00106,user_00253,reshare,post_565b9fd7,2024-05-03T05:27:21.225507+00:00
user_00238,user_00120,reshare,post_1b08dd48,2024-01-30T22:06:44.599347+00:00
user_00009,user_00018,reshare,post_58c065cb,2024-06-05T11:12:54.279663+00:00
user_00240,user_00183,reshare,post_ec051016,2024-04-05T15:16:36.750345+00:00
user_00112,user_00028,reshare,post_afa7bf4f,2024-02-05T07:36:05.475208+00:00
user_00137,user_00274,reshare,post_bb359931,2024-05-06T22:20:42.020015+00:00
user_00108,user_00178,reshare,post_660e34fd,2024-02-29T13:59:10.705104+00:00
user_00034,user_00091,reshare,post_56e85494,2024-04-20T13:16:42.867648+00:00
user_00074,user_00102,reshare,post_9209ed17,2024-06-10T22:22:10.603569+00:00
user_00083,user_00071,reshare,post_198379af,2024-05-28T09:45:25.273749+00:00
user_00267,user_00061,reshare,post_3110743f,2024-01-18T15:44:03.142399+00:00
user_00029,user_00278,reshare,post_36c043d2,2024-01-13T16:07:23.163681+00:00
user_00024,user_00076,reshare,post_45e7b8b2,2024-06-03T08:28:52.417636+00:00
user_00090,user_00146,reshare,post_615e2ecb,2024-05-05T08:45:47.525324+00:00
user_00234,user_00131,reshare,post_10363758,2024-05-20T02:47:26.807304+00:00
user_00118,user_00275,reshare,post_c21e4092,2024-02-21T20:39:33.606775+00:00
user_00082,user_00049,reshare,post_41583701,2024-02-17T14:40:13.058954+00:00
user_00061,user_00085,reshare,post_ddca4cba,2024-05-21T10:30:05.889632+00:00
user_00093,user_00221,reshare,post_d0166aff,2024-06-13T17:25:46.359918+00:00
user_00043,user_00182,reshare,post_85619ba0,2024-01-05T07:33:39.639946+00:00
user_00010,user_00232,reshare,post_a7f3da09,2024-04-16T14:42:23.205722+00:00
user_00265,user_00243,reshare,post_6e5f6523,2024-03-18T10:46:21.645302+00:00
user_00282,user_00295,reshare,post_17817b86,2024-05-07T14:35:53.174241+00:00
user_00256,user_00134,reshare,post_07b86c4e,2024-05-18T02:47:13.282128+00:00
user_00159,user_00166,reshare,post_09c54234,2024-02-14T11:41:19.084961+00:00
user_00150,user_00120,reshare,post_fa1d67fc,2024-06-29T15:58:35.884782+00:00
user_00004,user_00106,reshare,post_eefd2758,2024-02-15T09:55:57.045826+00:00
user_00058,user_00215,reshare,post_b4827a31,2024-03-01T15:26:34.803149+00:00
user_00095,user_00276,reshare,post_fb40211f,2024-04-13T06:25:01.688851+00:00
user_00166,user_00092,reshare,post_184b070f,2024-06-11T14:32:33.604198+00:00
user_00094,user_00138,reshare,post_f581c9e3,2024-06-09T15:21:11.026214+00:00
user_00109,user_00017,reshare,post_70afb8a8,2024-06-26T05:19:46.552805+00:00
user_00167,user_00012,reshare,post_1bf50e18,2024-01-28T15:18:05.056427+00:00
user_00054,user_00288,reshare,post_d877a890,2024-03-30T08:16:44.599589+00:00
user_00288,user_00263,reshare,post_969f9f6c,2024-03-20T23:17:29.369759+00:00
user_00086,user_00021,reshare,post_d6c95d73,2024-02-08T23:35:43.329266+00:00
user_00287,user_00047,reshare,post_4cb7291d,2024-02-26T02:38:20.085231+00:00
user_00011,user_00189,reshare,post_1f040794,2024-02-21T07:50:51.940931+00:00
user_00167,user_00227,reshare,post_c1beb919,2024-04-05T23:49:07.523406+00:00
user_00043,user_00121,reshare,post_b12d8010,2024-04-20T04:55:46.631775+00:00
user_00153,user_00111,reshare,post_a298c911,2024-02-07T07:15:36.292387+00:00
user_00111,user_00006,reshare,post_7de09b6e,2024-03-16T17:29:58.622343+00:00
user_00151,user_00162,reshare,post_fdd573d6,2024-03-13T00:38:16.574264+00:00
user_00276,user_00047,reshare,post_f41fd2ca,2024-05-06T02:34:23.384182+00:00
user_00091,user_00089,reshare,post_26f17c14,2024-03-26T08:38:32.901696+00:00
user_00179,user_00093,reshare,post_f9ff1b83,2024-06-14T01:41:54.010223+00:00
user_00230,user_00290,reshare,post_c7d571d9,2024-04-01T15:29:50.002656+00:00
user_00069,user_00179,reshare,post_d9dfaa7b,2024-06-20T13:01:02.076840+00:00
user_00026,user_00206,reshare,post_b19f8f98,2024-05-04T04:12:02.279281+00:00
user_00105,user_00216,reshare,post_1f989b37,2024-03-15T13:24:22.411196+00:00
user_00226,user_00034,reshare,post_085562e0,2024-06-22T14:00:38.203740+00:00
user_00023,user_00182,reshare,post_6a4aedf9,2024-05-18T23:34:20.783112+00:00
user_00242,user_00151,reshare,post_7fd4d4f0,2024-01-15T06:54:50.224517+00:00
user_00276,user_00136,reshare,post_a3d19b76,2024-01-31T01:32:37.205268+00:00
user_00151,user_00258,reshare,post_e0efacea,2024-05-11T01:31:18.643524+00:00
user_00095,user_00030,reshare,post_f627c994,2024-02-08T08:29:11.155107+00:00
user_00107,user_00042,reshare,post_6def00e5,2024-01-18T00:04:03.384142+00:00
user_00299,user_00245,reshare,post_db40d0d3,2024-02-18T11:51:30.361930+00:00
user_00086,user_00288,reshare,post_6545fdfd,2024-06-14T10:40:44.979377+00:00
user_00204,user_00120,reshare,post_e82110ec,2024-02-06T05:35:48.560858+00:00
user_00156,user_00008,reshare,post_879937a1,2024-05-22T09:13:39.681398+00:00
user_00091,user_00282,reshare,post_cdebb261,2024-02-12T03:30:37.172864+00:00
user_00035,user_00156,reshare,post_61e2392f,2024-02-10T04:10:06.052270+00:00
user_00179,user_00254,reshare,post_da712ab6,2024-01-24T04:44:12.853266+00:00
user_00157,user_00042,reshare,post_a994cf61,2024-05-19T20:01:13.306905+00:00
user_00090,user_00194,reshare,post_55218a1b,2024-02-15T01:25:57.376263+00:00
user_00278,user_00009,reshare,post_2998810f,2024-06-14T04:15:30.913909+00:00
user_00128,user_00221,reshare,post_96886dc7,2024-01-08T10:26:51.292739+00:00
user_00163,user_00295,reshare,post_e521d1dd,2024-04-14T11:57:38.265706+00:00
user_00293,user_00050,reshare,post_10b97500,2024-01-21T07:03:46.879647+00:00
user_00202,user_00056,reshare,post_ea2cb291,2024-04-21T13:15:23.153914+00:00
user_00098,user_00081,reshare,post_bd2de0ec,2024-03-10T19:13:34.654061+00:00
user_00225,user_00080,reshare,post_67d74389,2024-05-02T00:24:34.554908+00:00
user_00008,user_00253,reshare,post_0a457c69,2024-05-27T22:31:27.904419+00:00
user_00285,user_00181,reshare,post_f6bcdde8,2024-04-11T10:58:25.468715+00:00
user_00196,user_00284,reshare,post_33a4019c,2024-06-23T19:44:19.493305+00:00
user_00254,user_00110,reshare,post_90f6ce01,2024-02-13T01:09:24.882935+00:00
user_00244,user_00192,reshare,post_846e313f,2024-03-02T18:31:42.518045+00:00
user_00041,user_00038,reshare,post_f441ccd0,2024-04-21T19:39:43.587619+00:00
user_00190,user_00197,reshare,post_1d252880,2024-06-05T15:32:35.681114+00:00
user_00107,user_00128,reshare,post_df157152,2024-05-13T09:11:46.765581+00:00
user_00153,user_00129,reshare,post_16128650,2024-02-24T05:29:48.676428+00:00
user_00065,user_00296,reshare,post_0c933335,2024-02-28T22:27:30.081547+00:00
user_00124,user_00276,reshare,post_eb29141c,2024-01-04T23:48:41.603021+00:00
user_00225,user_00040,reshare,post_53981cf4,2024-03-15T07:25:16.235545+00:00
user_00242,user_00135,reshare,post_e2d8eac6,2024-06-29T01:30:42.715121+00:00
user_00093,user_00269,reshare,post_e66c9cbc,2024-05-12T00:55:35.982005+00:00
user_00005,user_00092,reshare,post_2bee46b8,2024-01-10T04:05:45.015377+00:00
user_00296,user_00125,reshare,post_627060cd,2024-01-10T10:20:31.570900+00:00
user_00271,user_00065,reshare,post_a8859dc4,2024-01-25T07:41:23.537155+00:00
user_00139,user_00074,reshare,post_717cbf6e,2024-01-03T08:30:26.819468+00:00
user_00047,user_00256,reshare,post_d4e80e9c,2024-02-18T22:13:23.062863+00:00
user_00242,user_00171,reshare,post_9a0eb86d,2024-01-11T06:48:57.581890+00:00
user_00132,user_00123,reshare,post_66f603fe,2024-05-23T04:40:56.236346+00:00
user_00108,user_00203,reshare,post_7a0dd07f,2024-06-01T13:12:56.774290+00:00
user_00160,user_00023,reshare,post_55059053,2024-02-15T05:56:32.854199+00:00
user_00130,user_00000,reshare,post_a7c0c2cd,2024-06-22T20:32:39.606727+00:00
user_00149,user_00109,reshare,post_cae1c1c3,2024-01-08T22:17:00.810887+00:00
user_00251,user_00192,reshare,post_d3cb8c26,2024-05-05T22:38:37.404367+00:00
user_00089,user_00161,reshare,post_a6fc624f,2024-06-16T00:22:43.076152+00:00
user_00253,user_00275,reshare,post_bb8e73ed,2024-01-01T23:53:49.560104+00:00
user_00185,user_00216,reshare,post_ed479f3d,2024-01-01T16:54:58.218767+00:00
user_00261,user_00140,reshare,post_5fa65b4d,2024-02-09T10:15:57.690011+00:00
user_00248,user_00146,reshare,post_1c70019b,2024-04-06T16:56:16.339311+00:00
user_00017,user_00113,reshare,post_cc32555a,2024-03-03T04:47:52.444932+00:00
user_00204,user_00240,reshare,post_760232a3,2024-03-17T09:15:06.030612+00:00
user_00214,user_00156,reshare,post_62178797,2024-05-13T01:48:26.546479+00:00
user_00289,user_00221,reshare,post_c0fdeaf2,2024-05-25T05:04:50.564679+00:00
user_00155,user_00245,reshare,post_b50eccea,2024-01-06T14:11:54.542704+00:00
user_00000,user_00158,reshare,post_1df9573d,2024-01-22T04:01:07.609942+00:00
user_00153,user_00276,reshare,post_214df14e,2024-06-15T17:49:31.093711+00:00
user_00051,user_00119,reshare,post_eda37a43,2024-04-24T18:54:12.613570+00:00
user_00236,user_00171,reshare,post_33067692,2024-05-08T09:36:55.600559+00:00
user_00043,user_00086,reshare,post_41f258a3,2024-04-09T01:14:27.466180+00:00
user_00055,user_00040,reshare,post_f2888337,2024-06-07T07:09:15.867117+00:00
user_00179,user_00208,reshare,post_c02e72a2,2024-05-16T17:00:43.665767+00:00
user_00299,user_00093,reshare,post_ac4b8068,2024-03-17T08:52:42.584351+00:00
user_00085,user_00014,reshare,post_4ae6611c,2024-01-11T18:46:33.394246+00:00
user_00230,user_00050,reshare,post_4f1f15ea,2024-04-28T09:16:46.240282+00:00
user_00159,user_00161,reshare,post_12a224a0,2024-02-06T10:44:43.916919+00:00
user_00078,user_00105,reshare,post_9f2458d1,2024-03-08T21:45:27.242161+00:00
user_00294,user_00138,reshare,post_cde0ca9d,2024-03-22T17:23:24.394690+00:00
user_00126,user_00255,reshare,post_117438f5,2024-03-22T03:03:02.463873+00:00
user_00064,user_00027,reshare,post_155e3c03,2024-05-21T12:15:25.738192+00:00
user_00156,user_00040,reshare,post_a83038a2,2024-05-01T07:44:10.928980+00:00
user_00096,user_00216,reshare,post_2ec228e9,2024-04-06T17:12:06.499496+00:00
user_00121,user_00115,reshare,post_3b07ee40,2024-03-25T09:19:59.147827+00:00
user_00221,user_00242,reshare,post_df89e6ea,2024-02-01T07:34:44.179710+00:00
user_00289,user_00211,reshare,post_f69816ad,2024-06-18T07:29:16.785565+00:00
user_00173,user_00005,reshare,post_8e22246d,2024-06-09T01:39:18.830771+00:00
user_00172,user_00181,reshare,post_52b942e0,2024-06-02T07:49:10.369450+00:00
user_00209,user_00299,reshare,post_48bccd94,2024-05-26T08:56:32.354200+00:00
user_00115,user_00092,reshare,post_e225b59b,2024-03-11T06:08:24.926666+00:00
user_00144,user_00181,reshare,post_1b905efb,2024-02-14T01:31:25.853581+00:00
user_00063,user_00206,reshare,post_65fb44fb,2024-01-30T10:04:21.372844+00:00
user_00139,user_00159,reshare,post_abfcaf26,2024-04-28T00:29:54.999751+00:00
user_00076,user_00237,reshare,post_fe654c7f,2024-06-17T04:14:54.817645+00:00
user_00150,user_00033,reshare,post_66a7ead6,2024-02-09T03:50:56.904213+00:00
user_00021,user_00145,reshare,post_5c6d0dac,2024-05-15T04:16:45.180143+00:00
user_00161,user_00185,reshare,post_4156bb70,2024-01-31T18:13:18.943941+00:00
user_00052,user_00206,reshare,post_69f2efef,2024-01-06T16:51:54.175695+00:00
user_00168,user_00032,reshare,post_50ac76f4,2024-01-02T13:22:47.737142+00:00
user_00161,user_00071,reshare,post_d63e8ddd,2024-01-21T14:48:47.213762+00:00
user_00143,user_00070,reshare,post_f9053a96,2024-01-27T00:18:49.915306+00:00
user_00118,user_00163,reshare,post_ad3bebee,2024-01-27T11:19:15.356356+00:00
user_00030,user_00161,reshare,post_8b21f408,2024-06-20T21:12:58.054463+00:00
user_00020,user_00023,reshare,post_6f2c541e,2024-03-01T11:27:39.225379+00:00
user_00090,user_00155,reshare,post_10743797,2024-01-24T05:40:29.080781+00:00
user_00088,user_00161,reshare,post_ffac0b70,2024-06-07T09:28:02.900183+00:00
user_00104,user_00266,reshare,post_6208685b,2024-01-12T15:31:55.122844+00:00
user_00031,user_00281,reshare,post_377b6dd5,2024-01-20T12:01:36.009237+00:00
user_00293,user_00286,reshare,post_1397b6c3,2024-02-14T18:22:20.280924+00:00
user_00061,user_00045,reshare,post_82fb75fa,2024-02-12T20:54:41.360195+00:00
user_00106,user_00161,reshare,post_26bc4662,2024-05-17T13:07:12.976135+00:00
user_00041,user_00133,reshare,post_1e12ca58,2024-02-02T22:22:53.415179+00:00
user_00044,user_00148,reshare,post_8e950f61,2024-03-27T01:50:15.851486+00:00
user_00107,user_00283,reshare,post_7fa74f36,2024-06-10T10:37:52.791189+00:00
user_00238,user_00147,reshare,post_1d54d0dc,2024-02-03T16:52:09.144752+00:00
user_00172,user_00258,reshare,post_6588d48c,2024-06-15T21:00:47.044003+00:00
user_00284,user_00123,reshare,post_77b4db7b,2024-05-27T20:30:15.841602+00:00
user_00244,user_00293,reshare,post_b4064736,2024-06-21T05:29:57.433361+00:00
user_00038,user_00009,reshare,post_2735958c,2024-02-01T22:27:06.258575+00:00
user_00163,user_00007,reshare,post_dfd1934b,2024-01-15T12:43:28.847406+00:00
user_00021,user_00171,reshare,post_3dd8cb47,2024-05-09T18:53:43.663984+00:00
user_00197,user_00284,reshare,post_99be4717,2024-02-09T20:21:57.164996+00:00
user_00138,user_00056,reshare,post_3cee6718,2024-06-05T10:48:45.229778+00:00
user_00156,user_00150,reshare,post_f7cef253,2024-03-10T11:37:03.940804+00:00
user_00076,user_00223,reshare,post_a31b637b,2024-05-01T20:28:04.071541+00:00
user_00236,user_00017,reshare,post_95bc2706,2024-03-09T08:25:07.603857+00:00
user_00015,user_00210,reshare,post_e664b56e,2024-01-27T06:19:03.561737+00:00
user_00270,user_00288,reshare,post_b8ff10c1,2024-04-02T05:33:40.669764+00:00
user_00253,user_00281,reshare,post_75274614,2024-05-06T00:48:56.553616+00:00
user_00134,user_00113,reshare,post_4eef1f59,2024-01-21T00:00:42.936392+00:00
user_00200,user_00062,reshare,post_af21266c,2024-02-28T21:24:07.019217+00:00
user_00166,user_00090,reshare,post_dabcf524,2024-04-24T07:09:51.668033+00:00
user_00290,user_00271,reshare,post_1261b6c0,2024-04-07T14:25:03.152843+00:00
user_00009,user_00278,reshare,post_79ef80d3,2024-06-23T13:58:06.836579+00:00
user_00285,user_00056,reshare,post_f6272cd4,2024-06-28T03:04:35.434351+00:00
user_00141,user_00211,reshare,post_d85674c5,2024-03-17T13:08:51.811362+00:00
user_00210,user_00239,reshare,post_845809ec,2024-05-23T22:29:20.152620+00:00
user_00259,user_00073,reshare,post_2635a464,2024-01-01T09:17:58.139256+00:00
user_00172,user_00257,reshare,post_dd86b8c2,2024-02-29T17:38:57.283645+00:00
user_00143,user_00110,reshare,post_63b5c3c9,2024-05-24T08:39:53.034424+00:00
user_00253,user_00197,reshare,post_e3cd3468,2024-05-07T12:02:22.998270+00:00
user_00040,user_00284,reshare,post_7150b0dc,2024-02-29T08:40:29.643610+00:00
user_00155,user_00053,reshare,post_99e5e600,2024-02-03T22:55:29.622727+00:00
user_00048,user_00024,reshare,post_d6929767,2024-03-23T18:38:26.335552+00:00
user_00297,user_00152,reshare,post_ce1a7844,2024-02-10T06:22:34.756544+00:00
user_00279,user_00134,reshare,post_5c50930b,2024-02-23T08:24:59.613382+00:00
user_00111,user_00101,reshare,post_319adf8a,2024-02-03T22:37:53.244331+00:00
user_00248,user_00174,reshare,post_d51e281d,2024-06-21T14:00:30.270289+00:00
user_00135,user_00103,reshare,post_8c905c77,2024-02-20T05:10:23.745121+00:00
user_00213,user_00226,reshare,post_69ee24de,2024-04-28T00:56:48.031769+00:00
user_00187,user_00239,reshare,post_d5c3ae51,2024-03-27T22:57:14.670286+00:00
user_00299,user_00115,reshare,post_7c0dba1c,2024-04-29T05:37:29.324077+00:00
user_00058,user_00044,reshare,post_e397b5c1,2024-02-22T22:28:46.954847+00:00
user_00236,user_00000,reshare,post_7b65aaab,2024-02-06T04:44:51.740524+00:00
user_00032,user_00021,reshare,post_0237ce55,2024-05-29T16:31:22.135646+00:00
user_00204,user_00079,reshare,post_b6a14997,2024-01-18T05:54:20.317892+00:00
user_00123,user_00137,reshare,post_d25fd074,2024-02-05T11:56:48.561892+00:00
user_00266,user_00202,reshare,post_ae3ab93d,2024-02-23T00:03:46.044822+00:00
user_00159,user_00079,reshare,post_48b55afa,2024-05-09T18:10:15.534144+00:00
user_00047,user_00102,reshare,post_00fba0fb,2024-01-16T01:52:16.658366+00:00
user_00271,user_00078,reshare,post_664ccd04,2024-02-15T05:14:18.176437+00:00
user_00174,user_00238,reshare,post_13096bba,2024-04-18T08:55:11.151727+00:00
user_00209,user_00209,reshare,post_2369c22a,2024-05-15T12:34:30.730809+00:00
user_00269,user_00299,reshare,post_fc5a9471,2024-02-11T22:36:30.764314+00:00
user_00064,user_00237,reshare,post_d7bbab32,2024-01-22T09:52:02.985566+00:00
user_00289,user_00136,reshare,post_30d9791f,2024-01-04T01:05:30.768411+00:00
user_00221,user_00201,reshare,post_68052f8e,2024-06-28T23:51:05.904168+00:00
user_00165,user_00104,reshare,post_664a10de,2024-06-16T21:47:29.544940+00:00
user_00158,user_00104,reshare,post_397eb767,2024-02-28T11:19:37.962980+00:00
user_00110,user_00145,reshare,post_f269a5b7,2024-01-23T17:50:16.673648+00:00
user_00101,user_00044,reshare,post_e3a242f3,2024-02-01T14:11:21.479232+00:00
user_00025,user_00275,reshare,post_41a4f63d,2024-04-29T18:08:46.361111+00:00
user_00040,user_00294,reshare,post_4ba440ff,2024-01-24T11:35:57.133555+00:00
user_00220,user_00194,reshare,post_4d62be1e,2024-03-22T22:50:25.658772+00:00
user_00150,user_00162,reshare,post_d63ab8bc,2024-06-16T08:54:14.552652+00:00
user_00030,user_00065,reshare,post_95e73cac,2024-01-30T19:29:00.507452+00:00
user_00259,user_00119,reshare,post_c57fc5ea,2024-06-05T18:52:54.873735+00:00
user_00246,user_00103,reshare,post_12f414b6,2024-06-19T02:12:20.466281+00:00
user_00027,user_00247,reshare,post_480f7098,2024-05-23T16:47:56.083986+00:00
user_00067,user_00131,reshare,post_9b26af35,2024-03-08T23:26:50.834856+00:00
user_00106,user_00014,reshare,post_fe471805,2024-01-21T04:47:31.198829+00:00
user_00056,user_00157,reshare,post_e4b4ab88,2024-03-16T02:07:01.603220+00:00
user_00041,user_00020,reshare,post_e76c83b5,2024-04-21T16:07:54.463054+00:00
user_00137,user_00051,reshare,post_d8f2082d,2024-05-29T19:35:34.997106+00:00
user_00217,user_00088,reshare,post_b24f6b4c,2024-01-10T05:05:24.976969+00:00
user_00087,user_00252,reshare,post_8f325264,2024-04-15T05:23:24.287991+00:00
user_00104,user_00187,reshare,post_4b44b0c7,2024-01-30T20:23:33.125985+00:00
user_00155,user_00121,reshare,post_934b8326,2024-03-11T16:34:46.295499+00:00
user_00022,user_00074,reshare,post_aa2a1045,2024-05-20T13:45:38.899802+00:00
user_00195,user_00157,reshare,post_cc50800c,2024-04-02T19:20:21.402858+00:00
user_00009,user_00240,reshare,post_c2032a40,2024-05-02T15:48:52.901621+00:00
user_00288,user_00240,reshare,post_62777261,2024-06-17T06:28:18.484588+00:00
user_00234,user_00008,reshare,post_e975f3ca,2024-05-10T05:57:49.119520+00:00
user_00001,user_00296,reshare,post_1935db16,2024-01-27T15:11:07.364188+00:00
user_00141,user_00008,reshare,post_b3ba99a6,2024-01-19T06:07:31.411828+00:00
user_00173,user_00246,reshare,post_e8081935,2024-06-18T22:10:13.651231+00:00
user_00182,user_00030,reshare,post_dfcd0fdc,2024-03-17T17:51:07.950163+00:00
user_00284,user_00017,reshare,post_882d26b5,2024-02-16T23:00:23.991581+00:00
user_00018,user_00075,reshare,post_0d4ac3b8,2024-05-21T20:55:54.952061+00:00
user_00066,user_00219,reshare,post_ca4bfea7,2024-04-12T16:31:09.007596+00:00
user_00192,user_00187,reshare,post_e46a6290,2024-05-03T15:29:51.342084+00:00
user_00293,user_00121,reshare,post_5ddbfbf5,2024-05-31T13:48:29.115028+00:00
user_00160,user_00096,reshare,post_be04ff92,2024-06-04T05:17:36.218646+00:00
user_00088,user_00027,reshare,post_0b9b123e,2024-01-08T14:44:11.847403+00:00
user_00123,user_00162,reshare,post_6c67d333,2024-04-15T23:12:58.876214+00:00
user_00113,user_00135,reshare,post_9a9e039a,2024-06-13T01:41:55.755825+00:00
user_00053,user_00201,reshare,post_5553b3bf,2024-02-22T17:47:56.084508+00:00
user_00010,user_00161,reshare,post_c29b6ed3,2024-02-06T01:25:51.092642+00:00
user_00015,user_00137,reshare,post_19b5488f,2024-06-24T21:32:17.256905+00:00
user_00242,user_00109,reshare,post_7894d3e4,2024-04-06T18:18:20.388962+00:00
user_00024,user_00002,reshare,post_29672c67,2024-04-24T20:07:24.997710+00:00
user_00226,user_00059,reshare,post_168f77b1,2024-05-04T23:58:25.984129+00:00
user_00234,user_00234,reshare,post_1385ab36,2024-06-11T06:51:37.534926+00:00
user_00240,user_00214,reshare,post_54290a96,2024-02-21T09:43:16.558186+00:00
user_00001,user_00162,reshare,post_c202cb53,2024-03-27T06:55:39.589323+00:00
user_00026,user_00019,reshare,post_01e158a6,2024-06-02T01:25:21.590330+00:00
user_00199,user_00284,reshare,post_d26436c7,2024-01-14T13:47:36.375054+00:00
user_00188,user_00228,reshare,post_0b574f15,2024-04-03T20:56:25.230142+00:00
user_00231,user_00107,reshare,post_cc6943c0,2024-03-31T12:09:26.343681+00:00
user_00022,user_00169,reshare,post_1f3677af,2024-06-23T23:30:28.887752+00:00
user_00121,user_00222,reshare,post_95d9854c,2024-06-14T01:55:37.011348+00:00
user_00233,user_00299,reshare,post_4c8648b3,2024-02-14T06:11:38.536841+00:00
user_00106,user_00041,reshare,post_18d1b82e,2024-02-27T17:33:04.917780+00:00
user_00095,user_00188,reshare,post_b880756c,2024-04-20T20:49:20.389175+00:00
user_00203,user_00192,reshare,post_f6bbdb18,2024-02-11T19:02:02.501963+00:00
user_00187,user_00122,reshare,post_f47b21bf,2024-06-03T06:44:55.640721+00:00
user_00046,user_00011,reshare,post_a74086cc,2024-01-19T08:39:39.173323+00:00
user_00018,user_00248,reshare,post_8761fc30,2024-03-31T10:35:24.889115+00:00
user_00183,user_00166,reshare,post_75a7c6f1,2024-03-28T12:11:16.157236+00:00
user_00276,user_00006,reshare,post_98569087,2024-02-22T20:12:09.354748+00:00
user_00282,user_00185,reshare,post_f5ab8b8c,2024-02-14T09:26:05.360880+00:00
user_00007,user_00179,reshare,post_c1ee834e,2024-06-24T09:40:44.692910+00:00
user_00148,user_00095,reshare,post_a10df448,2024-02-04T00:29:22.980896+00:00
user_00242,user_00152,reshare,post_d60cc964,2024-06-15T07:01:32.756215+00:00
user_00265,user_00019,reshare,post_aaf36094,2024-04-25T00:04:34.213248+00:00
user_00267,user_00179,reshare,post_b1e84f55,2024-02-21T12:49:26.535634+00:00
user_00219,user_00091,reshare,post_7ee212b8,2024-04-15T18:36:10.533273+00:00
user_00069,user_00109,reshare,post_81033c30,2024-01-07T23:52:15.174797+00:00
user_00155,user_00276,reshare,post_49fa60df,2024-06-22T03:04:20.509527+00:00
user_00121,user_00081,reshare,post_40760596,2024-04-17T21:46:42.018512+00:00
user_00221,user_00172,reshare,post_6c338a43,2024-04-21T14:24:39.003903+00:00
user_00107,user_00113,reshare,post_a8063861,2024-02-24T16:00:57.070707+00:00
user_00147,user_00166,reshare,post_0dff0dc6,2024-05-02T17:38:26.161663+00:00
user_00114,user_00060,reshare,post_1215451e,2024-05-06T02:29:27.565103+00:00
user_00102,user_00022,reshare,post_4795f566,2024-02-24T03:51:20.005249+00:00
user_00182,user_00012,reshare,post_6fc6260f,2024-01-11T15:55:41.642669+00:00
user_00125,user_00095,reshare,post_7bc2a3bb,2024-04-28T04:17:37.384058+00:00
user_00222,user_00295,reshare,post_f3e18b67,2024-05-28T12:16:40.152438+00:00
user_00016,user_00105,reshare,post_fd3b4206,2024-06-10T07:45:06.088716+00:00
user_00209,user_00134,reshare,post_4eb4cf3c,2024-03-15T01:48:14.439120+00:00
user_00171,user_00047,reshare,post_f49b58dd,2024-05-25T06:42:40.766101+00:00
user_00138,user_00205,reshare,post_db4d117e,2024-03-25T20:27:27.872984+00:00
user_00066,user_00050,reshare,post_e57529ea,2024-06-28T18:01:17.254723+00:00
user_00064,user_00174,reshare,post_deeaf9c2,2024-06-18T09:43:21.323321+00:00
user_00161,user_00285,reshare,post_80b4423a,2024-04-25T17:15:28.470804+00:00
user_00220,user_00013,reshare,post_6200cea3,2024-05-14T20:37:52.126983+00:00
user_00206,user_00241,reshare,post_55a1ec26,2024-05-30T01:24:05.101954+00:00
user_00100,user_00235,reshare,post_e8b6e8a6,2024-03-08T17:57:47.149873+00:00
user_00035,user_00089,reshare,post_7a32ac00,2024-04-23T09:04:54.282894+00:00
user_00281,user_00156,reshare,post_1929c5b7,2024-03-02T10:27:47.813232+00:00
user_00298,user_00125,reshare,post_24ad2db2,2024-04-12T09:17:25.847078+00:00
user_00115,user_00171,reshare,post_bb26f1d3,2024-03-15T22:07:11.188982+00:00
user_00201,user_00005,reshare,post_21e1a126,2024-05-21T00:34:39.758350+00:00
user_00212,user_00287,reshare,post_1565a4b3,2024-01-22T08:37:03.499721+00:00
user_00162,user_00103,reshare,post_697e6da8,2024-06-23T06:39:07.832424+00:00
user_00062,user_00240,reshare,post_139d02c4,2024-02-19T11:46:43.053738+00:00
user_00126,user_00299,reshare,post_9e86ec8f,2024-01-20T03:02:35.397786+00:00
user_00105,user_00128,reshare,post_4d7322b1,2024-01-02T11:21:28.658653+00:00
user_00293,user_00193,reshare,post_c2132b9a,2024-03-09T14:36:17.666071+00:00
user_00042,user_00152,reshare,post_62491717,2024-01-20T12:03:53.696221+00:00
user_00052,user_00068,reshare,post_28d96f7e,2024-06-16T09:32:30.181985+00:00
user_00218,user_00022,reshare,post_ec384b61,2024-03-29T21:10:36.124579+00:00
user_00042,user_00088,reshare,post_b3ca0a3c,2024-03-16T07:24:41.830205+00:00
user_00126,user_00067,reshare,post_fca10b2d,2024-02-17T14:05:55.425580+00:00
user_00164,user_00211,reshare,post_9d9a4e96,2024-06-22T06:20:22.624043+00:00
user_00104,user_00153,reshare,post_2017afab,2024-03-09T11:07:31.108153+00:00
user_00057,user_00093,reshare,post_81026591,2024-03-09T19:22:07.412377+00:00
user_00046,user_00063,reshare,post_7bfae006,2024-02-19T13:32:16.946387+00:00
user_00162,user_00261,reshare,post_4eeff639,2024-04-21T19:09:22.091922+00:00
user_00025,user_00198,reshare,post_65012262,2024-03-17T21:08:50.714352+00:00
user_00236,user_00205,reshare,post_1b99d20c,2024-02-10T19:19:37.046844+00:00
user_00254,user_00145,reshare,post_d6e5c247,2024-02-08T18:25:51.777280+00:00
user_00204,user_00046,reshare,post_68a83b81,2024-02-29T04:52:43.933942+00:00
user_00008,user_00211,reshare,post_01bb5577,2024-04-25T18:20:47.975458+00:00
user_00149,user_00247,reshare,post_80400dcd,2024-06-06T23:13:37.641555+00:00
user_00236,user_00073,reshare,post_bc8bf3fe,2024-01-14T23:58:56.444877+00:00
user_00244,user_00226,reshare,post_b9d9a8c5,2024-06-04T03:25:26.601616+00:00
user_00204,user_00088,reshare,post_b6168774,2024-06-16T22:31:45.189673+00:00
user_00121,user_00004,reshare,post_5dfb8084,2024-02-28T18:48:12.998837+00:00
user_00199,user_00092,reshare,post_27ed8ca6,2024-05-26T07:02:39.820730+00:00
user_00138,user_00010,reshare,post_3629ac50,2024-05-05T18:12:11.057715+00:00
user_00211,user_00260,reshare,post_4491c98d,2024-04-02T18:29:34.230872+00:00
user_00008,user_00041,reshare,post_b8498f08,2024-03-20T03:42:36.511175+00:00
user_00274,user_00284,reshare,post_2eabd4dc,2024-02-24T23:36:05.039613+00:00
user_00238,user_00287,reshare,post_95a6e92d,2024-02-12T02:15:01.233187+00:00
user_00251,user_00224,reshare,post_c13c3704,2024-04-16T15:18:12.289368+00:00
user_00250,user_00122,reshare,post_0e6f0400,2024-01-16T00:54:41.663744+00:00
user_00155,user_00083,reshare,post_2dacf4bc,2024-03-29T00:24:10.733188+00:00
user_00260,user_00282,reshare,post_57013787,2024-03-19T19:30:11.966512+00:00
user_00103,user_00031,reshare,post_9d0c69c9,2024-04-28T00:47:07.858169+00:00
user_00001,user_00002,reshare,post_c588455c,2024-01-26T09:14:31.353396+00:00
user_00221,user_00016,reshare,post_cc585e20,2024-02-15T04:01:05.848884+00:00
user_00171,user_00028,reshare,post_0c662a65,2024-03-04T17:08:11.682572+00:00
user_00143,user_00223,reshare,post_b8456a08,2024-04-20T20:27:47.947091+00:00
user_00206,user_00239,reshare,post_afe57349,2024-03-25T06:36:12.122892+00:00
user_00089,user_00123,reshare,post_42d10400,2024-04-10T23:27:35.033050+00:00
user_00248,user_00290,reshare,post_dbdca0b9,2024-04-28T22:43:52.539206+00:00
user_00014,user_00116,reshare,post_aeeba4a2,2024-02-22T11:21:15.814685+00:00
user_00153,user_00299,reshare,post_6e885fe0,2024-04-26T21:39:28.182385+00:00
user_00171,user_00248,reshare,post_f18f35a6,2024-04-15T20:37:15.730889+00:00
user_00295,user_00295,reshare,post_3f85f5e2,2024-06-04T15:26:00.954036+00:00
user_00066,user_00167,reshare,post_ae97899d,2024-03-25T18:45:09.750278+00:00
user_00017,user_00199,reshare,post_a54cd05c,2024-05-30T03:02:16.450982+00:00
user_00258,user_00131,reshare,post_70c2b5f5,2024-04-24T19:39:18.542141+00:00
user_00278,user_00156,reshare,post_51c65dd9,2024-02-01T00:05:21.929925+00:00
user_00244,user_00089,reshare,post_6c8ceb91,2024-04-26T14:39:49.300308+00:00
user_00294,user_00121,reshare,post_3b2efa9f,2024-04-09T17:59:29.178112+00:00
user_00003,user_00110,reshare,post_eb265d96,2024-03-15T23:16:27.279211+00:00
user_00283,user_00078,reshare,post_87eaad89,2024-05-05T03:31:04.886836+00:00
user_00023,user_00212,reshare,post_a744e397,2024-01-19T02:18:14.057573+00:00
user_00121,user_00172,reshare,post_0728a9fb,2024-04-25T11:00:29.030842+00:00
user_00041,user_00276,reshare,post_98f09f4a,2024-03-03T14:20:31.871114+00:00
user_00015,user_00190,reshare,post_b88e85b3,2024-02-15T04:04:35.035404+00:00
user_00174,user_00138,reshare,post_c95bdf5e,2024-03-14T11:47:32.680965+00:00
user_00299,user_00160,reshare,post_375dcff5,2024-05-03T10:09:20.921801+00:00
user_00215,user_00065,reshare,post_89191dc9,2024-03-26T07:20:58.466374+00:00
user_00219,user_00148,reshare,post_69353b7e,2024-06-22T17:25:52.645000+00:00
user_00002,user_00063,reshare,post_72454dec,2024-01-20T09:43:26.091899+00:00
user_00214,user_00093,reshare,post_8be27f66,2024-05-31T13:59:40.671651+00:00
user_00224,user_00206,reshare,post_9b2ea550,2024-03-12T07:54:04.623912+00:00
user_00161,user_00092,reshare,post_53693cc1,2024-06-16T00:34:45.319611+00:00
user_00047,user_00186,reshare,post_56baddcb,2024-02-20T05:44:35.497843+00:00
user_00167,user_00138,reshare,post_e0779575,2024-03-06T09:28:56.699818+00:00
user_00298,user_00244,reshare,post_7984b05d,2024-05-10T13:35:13.171837+00:00
user_00120,user_00254,reshare,post_f3bdf24c,2024-04-21T05:04:22.935277+00:00
user_00009,user_00120,reshare,post_567d3247,2024-04-22T08:12:59.432815+00:00
user_00199,user_00189,reshare,post_9a8976e3,2024-04-21T13:01:18.028996+00:00
user_00204,user_00223,reshare,post_662766cd,2024-01-11T23:42:43.235679+00:00
user_00142,user_00250,reshare,post_96b36c74,2024-02-02T00:23:53.828637+00:00
user_00187,user_00192,reshare,post_61fd7f6a,2024-01-18T03:18:47.931248+00:00
user_00136,user_00115,reshare,post_dc52b036,2024-02-07T06:05:52.933858+00:00
user_00140,user_00093,reshare,post_56041f17,2024-02-21T17:22:55.817234+00:00
user_00253,user_00274,reshare,post_a07fcfe1,2024-01-03T00:17:43.202508+00:00
user_00139,user_00226,reshare,post_334280d3,2024-04-10T04:20:47.378306+00:00
user_00007,user_00218,reshare,post_d850c19a,2024-04-12T15:19:37.495176+00:00
user_00232,user_00186,reshare,post_a902c0db,2024-05-01T04:13:18.975351+00:00
user_00115,user_00029,reshare,post_e1eb94f1,2024-03-04T00:01:16.574532+00:00
user_00239,user_00152,reshare,post_8b86e671,2024-05-18T02:33:20.970713+00:00
user_00133,user_00264,reshare,post_0843ff83,2024-05-09T02:45:44.840145+00:00
user_00018,user_00094,reshare,post_49ec38ed,2024-04-28T19:22:44.257778+00:00
user_00267,user_00231,reshare,post_7324e193,2024-01-06T00:10:23.526685+00:00
user_00047,user_00204,reshare,post_513dd1cf,2024-06-13T20:55:08.305056+00:00
user_00272,user_00111,reshare,post_f5b1b7f6,2024-02-28T18:44:34.297702+00:00
user_00281,user_00193,reshare,post_5787de9e,2024-04-01T18:00:17.298012+00:00
user_00166,user_00254,reshare,post_1096aee2,2024-01-15T18:30:40.933607+00:00
user_00154,user_00276,reshare,post_149cc5ab,2024-01-04T22:22:00.089683+00:00
user_00195,user_00115,reshare,post_c4717d4a,2024-03-12T15:18:18.553367+00:00
user_00181,user_00142,reshare,post_bd2b5ae4,2024-02-07T08:02:58.172614+00:00
user_00274,user_00274,reshare,post_84fd903a,2024-01-18T11:11:53.151999+00:00
user_00270,user_00171,reshare,post_b6d8530f,2024-05-01T06:58:26.845860+00:00
user_00149,user_00035,reshare,post_1e5faf61,2024-03-18T05:38:07.340818+00:00
user_00205,user_00071,reshare,post_11abc2ca,2024-02-21T22:00:49.138310+00:00
user_00084,user_00278,reshare,post_a19302dc,2024-02-05T09:54:07.275244+00:00
user_00228,user_00087,reshare,post_8b05cde6,2024-01-24T16:43:19.847872+00:00
user_00088,user_00134,reshare,post_951d22a6,2024-03-27T21:44:19.984531+00:00
user_00293,user_00182,reshare,post_199146e8,2024-01-12T10:51:05.830894+00:00
user_00134,user_00083,reshare,post_80e225bc,2024-02-29T12:13:11.764964+00:00
user_00028,user_00106,reshare,post_5df4eb45,2024-01-28T12:03:36.182704+00:00
user_00226,user_00270,reshare,post_16206031,2024-03-10T06:50:47.611877+00:00
user_00241,user_00142,reshare,post_a2835b8a,2024-01-19T02:11:27.101344+00:00
user_00196,user_00069,reshare,post_1eb7f291,2024-03-11T23:06:31.454542+00:00
user_00058,user_00030,reshare,post_5d271f12,2024-06-16T15:46:29.088246+00:00
user_00020,user_00129,reshare,post_d8695a1c,2024-04-20T17:45:19.970757+00:00
user_00095,user_00052,reshare,post_6dbe08ea,2024-05-29T14:31:26.077118+00:00
user_00024,user_00125,reshare,post_a5eeeee1,2024-03-27T16:50:57.331499+00:00
user_00221,user_00076,reshare,post_6440a6b6,2024-02-17T00:23:32.395099+00:00
user_00181,user_00107,reshare,post_500edb7e,2024-03-14T20:11:04.032551+00:00
user_00257,user_00279,reshare,post_50b81207,2024-04-26T06:30:07.147630+00:00
user_00105,user_00198,reshare,post_1c5b5362,2024-04-23T13:01:46.574441+00:00
user_00160,user_00273,reshare,post_17fd4d42,2024-04-17T04:25:28.062439+00:00
user_00093,user_00045,reshare,post_d0a0016e,2024-05-15T11:57:11.651476+00:00
user_00275,user_00156,reshare,post_28d48e2d,2024-02-13T17:06:45.779622+00:00
user_00235,user_00257,reshare,post_76287cd1,2024-06-10T15:15:17.890678+00:00
user_00265,user_00135,reshare,post_73185516,2024-06-13T16:09:23.504951+00:00
user_00080,user_00046,reshare,post_ea65595f,2024-03-25T21:54:33.831010+00:00
user_00040,user_00298,reshare,post_7e9d0bda,2024-03-30T21:04:40.487547+00:00
user_00032,user_00120,reshare,post_76f82456,2024-03-06T18:12:02.884254+00:00
user_00293,user_00228,reshare,post_fffd7a99,2024-01-16T00:16:29.827702+00:00
user_00153,user_00108,reshare,post_4c32a96c,2024-01-01T11:12:05.342233+00:00
user_00077,user_00258,reshare,post_ada0b208,2024-04-07T23:52:16.473212+00:00
user_00151,user_00204,reshare,post_cd2132cf,2024-06-04T15:56:35.926245+00:00
user_00197,user_00090,reshare,post_2c49d961,2024-02-08T18:01:00.857563+00:00
user_00284,user_00299,reshare,post_f242f96e,2024-05-10T07:12:12.525529+00:00
user_00192,user_00084,reshare,post_30fee0af,2024-02-16T04:31:48.753851+00:00
user_00250,user_00240,reshare,post_1f2f4acc,2024-03-08T07:59:03.549085+00:00
user_00009,user_00176,reshare,post_9e1e1094,2024-03-12T05:01:00.119626+00:00
user_00103,user_00276,reshare,post_ad15dd3c,2024-04-21T00:07:16.920992+00:00
