feature,mean_abs_shap
char_count,0.0
token_count,0.0
unique_token_count,0.0
sentence_count,0.0
avg_token_length,0.0
avg_sentence_length,0.0
sentence_length_variance,0.0
type_token_ratio,0.0
repetition_rate,0.0
punct_ratio,0.0
lexical_diversity_mattr,0.0
token_entropy,0.0
burstiness,0.0
capital_ratio,0.0
url_count,0.0
mention_count,0.0
hashtag_count,0.0
followers,0.0
following,0.0
engagement_count,0.0
ff_ratio,0.0
engagement_rate,0.0
log_followers,0.0
log_following,0.0
log_engagement,0.0
user_post_count,0.0
inter_post_time_mean,0.0
inter_post_time_var,0.0
inter_post_time_cv,0.0
temporal_regularity,0.0
burst_score,0.0
hour_of_day,0.0
is_weekend,0.0
reply_ratio,0.0
reshare_ratio,0.0
is_reply,0.0
is_reshare,0.0
